[
  {
    "shortCode": "MD",
    "englishName": "Moldova, Republic of",
    "codeState": "+373 - Moldova, Republic of"
  },
  {
    "shortCode": "MC",
    "englishName": "Monaco",
    "codeState": "+377 - Monaco"
  },
  {
    "shortCode": "AN",
    "englishName": "Netherlands Antilles",
    "codeState": "+599 - Netherlands Antilles"
  },
  {
    "shortCode": "NC",
    "englishName": "New Caledonia",
    "codeState": "+687 - New Caledonia"
  },
  {
    "shortCode": "NZ",
    "englishName": "New Zealand",
    "codeState": "+64 - New Zealand"
  },
  {
    "shortCode": "NU",
    "englishName": "Niue",
    "codeState": "+683 - Niue"
  },
  {
    "shortCode": "NF",
    "englishName": "Norfolk Island",
    "codeState": "+672 - Norfolk Island"
  },
  {
    "shortCode": "MP",
    "englishName": "Northern Mariana Islands",
    "codeState": "+1 670 - Northern Mariana Islands"
  }
]
